<application>
  <component name="DependencyUISettings">
    <option name="UI_FLATTEN_PACKAGES" value="false" />
    <option name="UI_SHOW_FILES" value="false" />
    <option name="UI_COMPACT_EMPTY_MIDDLE_PACKAGES" value="false" />
    <option name="SCOPE_TYPE" value="file" />
  </component>
  <component name="UISettings">
    <option name="MAX_LOOKUP_WIDTH2" value="657" />
    <option name="SHOW_EDITOR_TOOLTIP" value="false" />
    <option name="SORT_BOOKMARKS" value="true" />
  </component>
</application>