<application>
  <component name="AppStorage">
    <histories>
      <item value="Suffix" />
      <item value="demand" />
      <item value="Notice" />
      <item value="merit" />
      <item value="be worth" />
      <item value="be able to" />
      <item value="Approve" />
      <item value="whosyourdaddy" />
      <item value="fucker" />
      <item value="arrears" />
      <item value="arrears for the month no bank account" />
      <item value="本月欠租（无银行帐号）" />
      <item value="Quack" />
      <item value="Quck" />
      <item value="应收" />
      <item value="categories" />
      <item value="fetch" />
      <item value="angular" />
      <item value="unshift" />
      <item value="Defual" />
      <item value="requirement Sql" />
      <item value="get Statistics" />
      <item value="house Keeper" />
      <item value="Invalid" />
      <item value="has Proto" />
      <item value="deprecated" />
      <item value="depth" />
      <item value="escape" />
      <item value="section" />
      <item value="inverse" />
      <item value="Detail" />
      <item value="限定名称" />
      <item value="Unable to convert between java.util.Date and JAVA_OBJECT." />
      <item value="源" />
      <item value="continue" />
      <item value="Introspector" />
      <item value="get Property Descriptors" />
      <item value="Property Descriptor" />
      <item value="Retention" />
      <item value="Annotation" />
      <item value="render Json" />
      <item value="Caused by: org.hibernate.NonUniqueObjectException: a different object with the same identifier value was already associated with the session: [cn.wick.bean.business.Building#1078]" />
      <item value="fixup" />
      <item value="ordinal" />
      <item value="Caused by: java.lang.IllegalArgumentException: error the @annotation pointcut expression is only supported at Java 5 compliance level or above" />
      <item value="focus" />
      <item value="资产类型" />
      <item value="at ::0 can't find referenced pointcut logPointCut" />
      <item value="execution" />
      <item value="execution的配置" />
    </histories>
    <option name="languageScores">
      <map>
        <entry key="CHINESE" value="310" />
        <entry key="ENGLISH" value="311" />
        <entry key="ESTONIAN" value="2" />
        <entry key="BULGARIAN" value="1" />
        <entry key="DANISH" value="14" />
        <entry key="FRENCH" value="5" />
        <entry key="FINNISH" value="2" />
        <entry key="GUJARATI" value="2" />
        <entry key="DUTCH" value="1" />
        <entry key="KANNADA" value="1" />
        <entry key="LITHUANIAN" value="1" />
        <entry key="ROMANIAN" value="6" />
        <entry key="MALAGASY" value="1" />
        <entry key="JAPANESE" value="1" />
        <entry key="INDONESIAN" value="2" />
        <entry key="VIETNAMESE" value="4" />
      </map>
    </option>
  </component>
  <component name="Settings">
    <option name="ignoreRegExp" value="" />
  </component>
</application>